Q [m3/h]_50hz,H [m]_50hz,Pmech[kW]_50hz
0,580,125
14.53333333,575,140
29.06666667,570,150
43.6,568,162
58.13333333,565,175
72.66666667,558,185
87.2,550,195
101.7333333,540,210
116.2666667,535,222
130.8,520,238
145.3333333,505,250
159.8666667,490,260
174.4,475,271
188.9333333,443,280
203.4666667,425,285
218,400,290
